{"_id":{"$oid":"6547e7244fec97b58648195e"},"component_id":{"$oid":"6547d9fe20188d15280571bd"},"caption":"Nombre o Razón Social","required":"1","type_id":{"$oid":"654665757883da584b2618f2"},"name":"name","auth_created":{"$date":{"$numberLong":"1699211044316"}},"auth_author":{"$oid":"6547c5cccd4a24857ffd915c"},"Required":"1","auth_editor":{"$oid":"6547c5cccd4a24857ffd915c"},"auth_modified":{"$date":{"$numberLong":"1699239135083"}},"description":""}
{"_id":{"$oid":"6547fa305018290c48b08b80"},"component_id":{"$oid":"6547db2420188d15280571c1"},"caption":"personery_id","required":"1","type_id":{"$oid":"65467a75c57111780fd0f565"},"ref_id":{"$oid":"6547d9fe20188d15280571bd"},"name":"personery_id","auth_created":{"$date":{"$numberLong":"1699215920079"}},"auth_author":{"$oid":"6547c5cccd4a24857ffd915c"}}
{"_id":{"$oid":"6547fd34f9d9be5fa9e10b1f"},"component_id":{"$oid":"6547db2420188d15280571c1"},"caption":"price_list_id","required":"1","type_id":{"$oid":"65467a75c57111780fd0f565"},"ref_id":{"$oid":"6547dac320188d15280571c0"},"name":"price_list_id","auth_created":{"$date":{"$numberLong":"1699216692955"}},"auth_author":{"$oid":"6547c5cccd4a24857ffd915c"}}
{"_id":{"$oid":"6547fe32f9d9be5fa9e10b20"},"component_id":{"$oid":"6547db5220188d15280571c2"},"caption":"document_id","required":"1","type_id":{"$oid":"65467a75c57111780fd0f565"},"ref_id":{"$oid":"6547db2420188d15280571c1"},"name":"document_id","auth_created":{"$date":{"$numberLong":"1699216946300"}},"auth_author":{"$oid":"6547c5cccd4a24857ffd915c"}}
{"_id":{"$oid":"6547fe85f9d9be5fa9e10b21"},"component_id":{"$oid":"6547db5220188d15280571c2"},"caption":"product_id","required":"1","type_id":{"$oid":"65467a75c57111780fd0f565"},"ref_id":{"$oid":"6547da3b20188d15280571be"},"name":"product_id","auth_created":{"$date":{"$numberLong":"1699217029507"}},"auth_author":{"$oid":"6547c5cccd4a24857ffd915c"}}
{"_id":{"$oid":"654828e8f9d9be5fa9e10b22"},"component_id":{"$oid":"6547da3b20188d15280571be"},"caption":"product_group_id","required":"1","type_id":{"$oid":"65467a75c57111780fd0f565"},"ref_id":{"$oid":"6547daa220188d15280571bf"},"name":"product_group_id","auth_created":{"$date":{"$numberLong":"1699227880922"}},"auth_author":{"$oid":"6547c5cccd4a24857ffd915c"}}
{"_id":{"$oid":"65482f0ad24d95645b73c35b"},"component_id":{"$oid":"6547d9fe20188d15280571bd"},"caption":"Grupo","required":"1","type_id":{"$oid":"65467a75c57111780fd0f565"},"name":"group_id","auth_created":{"$date":{"$numberLong":"1699229450034"}},"auth_author":{"$oid":"6547c5cccd4a24857ffd915c"},"Required":"1","auth_editor":{"$oid":"6547c5cccd4a24857ffd915c"},"auth_modified":{"$date":{"$numberLong":"1699246615932"}},"description":"","ref_id":{"$oid":"6547df37d97f2966fe80624d"},"ref_code":"100"}
{"_id":{"$oid":"65482f24d24d95645b73c35c"},"component_id":{"$oid":"6547d9fe20188d15280571bd"},"caption":"Número documento","required":"1","type_id":{"$oid":"654665757883da584b2618f2"},"name":"code","auth_created":{"$date":{"$numberLong":"1699229476248"}},"auth_author":{"$oid":"6547c5cccd4a24857ffd915c"},"Required":"1","auth_editor":{"$oid":"6547c5cccd4a24857ffd915c"},"auth_modified":{"$date":{"$numberLong":"1699239088330"}},"description":""}
{"_id":{"$oid":"65482f9f8bcef7bef7315128"},"component_id":{"$oid":"6547d9fe20188d15280571bd"},"caption":"Tipo documento","required":"1","type_id":{"$oid":"65467a75c57111780fd0f565"},"name":"typedoc_id","auth_created":{"$date":{"$numberLong":"1699229599555"}},"auth_author":{"$oid":"6547c5cccd4a24857ffd915c"},"Required":"1","auth_editor":{"$oid":"6547c5cccd4a24857ffd915c"},"auth_modified":{"$date":{"$numberLong":"1699246644136"}},"description":"","ref_id":{"$oid":"6547df37d97f2966fe80624d"},"ref_code":"101"}
{"_id":{"$oid":"654854fbb3918f728b10dbdc"},"component_id":{"$oid":"6547d9fe20188d15280571bd"},"name":"address","caption":"Dirección","required":"0","type_id":{"$oid":"654665757883da584b2618f2"},"description":"","auth_created":{"$date":{"$numberLong":"1699239163810"}},"auth_author":{"$oid":"6547c5cccd4a24857ffd915c"}}
{"_id":{"$oid":"654870d9980e31d25b4bc444"},"component_id":{"$oid":"6547df37d97f2966fe80624d"},"name":"group_id","caption":"Grupo","required":"0","type_id":{"$oid":"65467a75c57111780fd0f565"},"ref_id":{"$oid":"6547df37d97f2966fe80624d"},"ref_code":"","description":"","auth_created":{"$date":{"$numberLong":"1699246297738"}},"auth_author":{"$oid":"6547c5cccd4a24857ffd915c"}}
{"_id":{"$oid":"65487100980e31d25b4bc445"},"component_id":{"$oid":"6547df37d97f2966fe80624d"},"name":"name","caption":"Nombre","required":"0","type_id":{"$oid":"654665757883da584b2618f2"},"description":"","auth_created":{"$date":{"$numberLong":"1699246336947"}},"auth_author":{"$oid":"6547c5cccd4a24857ffd915c"}}
{"_id":{"$oid":"6548711a980e31d25b4bc446"},"component_id":{"$oid":"6547df37d97f2966fe80624d"},"name":"value","caption":"Valor","required":"0","type_id":{"$oid":"654665757883da584b2618f2"},"description":"","auth_created":{"$date":{"$numberLong":"1699246362395"}},"auth_author":{"$oid":"6547c5cccd4a24857ffd915c"}}
{"_id":{"$oid":"654871d3980e31d25b4bc447"},"component_id":{"$oid":"6547dac320188d15280571c0"},"name":"name","caption":"Nombre","required":"0","type_id":{"$oid":"65467a75c57111780fd0f565"},"ref_id":{"$oid":"6547df37d97f2966fe80624d"},"ref_code":"102","description":"","auth_created":{"$date":{"$numberLong":"1699246547126"}},"auth_author":{"$oid":"6547c5cccd4a24857ffd915c"}}
{"_id":{"$oid":"6548737e980e31d25b4bc448"},"component_id":{"$oid":"6547dac320188d15280571c0"},"name":"product_id","caption":"Producto","required":"0","type_id":{"$oid":"65467a75c57111780fd0f565"},"ref_id":{"$oid":"6547da3b20188d15280571be"},"ref_code":"","description":"","auth_created":{"$date":{"$numberLong":"1699246974536"}},"auth_author":{"$oid":"6547c5cccd4a24857ffd915c"}}
{"_id":{"$oid":"654873a6980e31d25b4bc449"},"component_id":{"$oid":"6547dac320188d15280571c0"},"name":"price","caption":"Precio","required":"0","type_id":{"$oid":"654838bb2e564befe8f48c2a"},"description":"","auth_created":{"$date":{"$numberLong":"1699247014504"}},"auth_author":{"$oid":"6547c5cccd4a24857ffd915c"}}
{"_id":{"$oid":"65487478980e31d25b4bc44a"},"component_id":{"$oid":"6547dac320188d15280571c0"},"name":"unit_id","caption":"Unidad de medida","required":"0","type_id":{"$oid":"65467a75c57111780fd0f565"},"ref_id":{"$oid":"6547df37d97f2966fe80624d"},"ref_code":"103","description":"","auth_created":{"$date":{"$numberLong":"1699247224701"}},"auth_author":{"$oid":"6547c5cccd4a24857ffd915c"}}
{"_id":{"$oid":"65487545980e31d25b4bc44b"},"component_id":{"$oid":"6547db5220188d15280571c2"},"name":"quantity-input","caption":"Cantidad","required":"0","type_id":{"$oid":"654838bb2e564befe8f48c2a"},"description":"Ingreso de productos, compras, saldo inicial","auth_created":{"$date":{"$numberLong":"1699247429293"}},"auth_author":{"$oid":"6547c5cccd4a24857ffd915c"},"Required":"1","auth_editor":{"$oid":"6547c5cccd4a24857ffd915c"},"auth_modified":{"$date":{"$numberLong":"1699250112753"}}}
{"_id":{"$oid":"65487577980e31d25b4bc44c"},"component_id":{"$oid":"6547db5220188d15280571c2"},"name":"price","caption":"Precio","required":"0","type_id":{"$oid":"654838bb2e564befe8f48c2a"},"description":"","auth_created":{"$date":{"$numberLong":"1699247479178"}},"auth_author":{"$oid":"6547c5cccd4a24857ffd915c"}}
{"_id":{"$oid":"6548759c980e31d25b4bc44d"},"component_id":{"$oid":"6547db5220188d15280571c2"},"name":"subtotal","caption":"SubTotal","required":"0","type_id":{"$oid":"654838bb2e564befe8f48c2a"},"description":"","auth_created":{"$date":{"$numberLong":"1699247516366"}},"auth_author":{"$oid":"6547c5cccd4a24857ffd915c"}}
{"_id":{"$oid":"654875ca980e31d25b4bc44e"},"component_id":{"$oid":"6547db5220188d15280571c2"},"name":"observation","caption":"Observaciones","required":"0","type_id":{"$oid":"654665757883da584b2618f2"},"description":"","auth_created":{"$date":{"$numberLong":"1699247562974"}},"auth_author":{"$oid":"6547c5cccd4a24857ffd915c"}}
{"_id":{"$oid":"65487642980e31d25b4bc44f"},"component_id":{"$oid":"6547da3b20188d15280571be"},"name":"name","caption":"Nombre","required":"0","type_id":{"$oid":"654665757883da584b2618f2"},"description":"","auth_created":{"$date":{"$numberLong":"1699247682510"}},"auth_author":{"$oid":"6547c5cccd4a24857ffd915c"}}
{"_id":{"$oid":"654876ce980e31d25b4bc451"},"component_id":{"$oid":"6547da3b20188d15280571be"},"name":"enabled","caption":"Habilitado","required":"1","type_id":{"$oid":"654876ae980e31d25b4bc450"},"description":"","auth_created":{"$date":{"$numberLong":"1699247822093"}},"auth_author":{"$oid":"6547c5cccd4a24857ffd915c"}}
{"_id":{"$oid":"6548777e980e31d25b4bc452"},"component_id":{"$oid":"6547daa220188d15280571bf"},"name":"name","caption":"Nombre","required":"1","type_id":{"$oid":"654665757883da584b2618f2"},"description":"","auth_created":{"$date":{"$numberLong":"1699247998548"}},"auth_author":{"$oid":"6547c5cccd4a24857ffd915c"}}
{"_id":{"$oid":"654877d9980e31d25b4bc453"},"component_id":{"$oid":"6547daa220188d15280571bf"},"name":"group_id","caption":"Grupo Superior","required":"0","type_id":{"$oid":"65467a75c57111780fd0f565"},"ref_id":{"$oid":"6547daa220188d15280571bf"},"ref_code":"","description":"","auth_created":{"$date":{"$numberLong":"1699248089966"}},"auth_author":{"$oid":"6547c5cccd4a24857ffd915c"}}
{"_id":{"$oid":"65487bb7edd81ea7b8736a13"},"component_id":{"$oid":"6547db2420188d15280571c1"},"name":"total","caption":"Total","required":"0","type_id":{"$oid":"654838bb2e564befe8f48c2a"},"description":"","auth_created":{"$date":{"$numberLong":"1699249079201"}},"auth_author":{"$oid":"6547c5cccd4a24857ffd915c"}}
{"_id":{"$oid":"65487bd2edd81ea7b8736a14"},"component_id":{"$oid":"6547db2420188d15280571c1"},"name":"subtotal","caption":"Base","required":"0","type_id":{"$oid":"654838bb2e564befe8f48c2a"},"description":"","auth_created":{"$date":{"$numberLong":"1699249106339"}},"auth_author":{"$oid":"6547c5cccd4a24857ffd915c"}}
{"_id":{"$oid":"65487bebedd81ea7b8736a15"},"component_id":{"$oid":"6547db2420188d15280571c1"},"name":"tax","caption":"IGV","required":"0","type_id":{"$oid":"654838bb2e564befe8f48c2a"},"description":"","auth_created":{"$date":{"$numberLong":"1699249131278"}},"auth_author":{"$oid":"6547c5cccd4a24857ffd915c"},"Required":"1","auth_editor":{"$oid":"6547c5cccd4a24857ffd915c"},"auth_modified":{"$date":{"$numberLong":"1699249147521"}}}
{"_id":{"$oid":"65487c67edd81ea7b8736a18"},"component_id":{"$oid":"6547db2420188d15280571c1"},"name":"date_doc","caption":"Fecha","required":"0","type_id":{"$oid":"65487c55edd81ea7b8736a17"},"description":"","auth_created":{"$date":{"$numberLong":"1699249255165"}},"auth_author":{"$oid":"6547c5cccd4a24857ffd915c"},"Required":"1","auth_editor":{"$oid":"6547c5cccd4a24857ffd915c"},"auth_modified":{"$date":{"$numberLong":"1699249506667"}}}
{"_id":{"$oid":"65487c88edd81ea7b8736a19"},"component_id":{"$oid":"6547db2420188d15280571c1"},"name":"serie","caption":"Serie","required":"1","type_id":{"$oid":"654665757883da584b2618f2"},"description":"","auth_created":{"$date":{"$numberLong":"1699249288802"}},"auth_author":{"$oid":"6547c5cccd4a24857ffd915c"}}
{"_id":{"$oid":"65487c9dedd81ea7b8736a1a"},"component_id":{"$oid":"6547db2420188d15280571c1"},"name":"number","caption":"Número","required":"0","type_id":{"$oid":"654679139348f1acd4ee354a"},"description":"","auth_created":{"$date":{"$numberLong":"1699249309754"}},"auth_author":{"$oid":"6547c5cccd4a24857ffd915c"}}
{"_id":{"$oid":"65487ce5edd81ea7b8736a1b"},"component_id":{"$oid":"6547db2420188d15280571c1"},"name":"doc_ref_id","caption":"Documento de referencia","required":"0","type_id":{"$oid":"65467a75c57111780fd0f565"},"ref_id":{"$oid":"6547db2420188d15280571c1"},"ref_code":"","description":"","auth_created":{"$date":{"$numberLong":"1699249381848"}},"auth_author":{"$oid":"6547c5cccd4a24857ffd915c"}}
{"_id":{"$oid":"65487d8eedd81ea7b8736a1c"},"component_id":{"$oid":"6547db2420188d15280571c1"},"name":"date_cancel","caption":"Fecha de anulación","required":"0","type_id":{"$oid":"65487c55edd81ea7b8736a17"},"description":"","auth_created":{"$date":{"$numberLong":"1699249550690"}},"auth_author":{"$oid":"6547c5cccd4a24857ffd915c"}}
{"_id":{"$oid":"65487eaaf8e298913f2d5718"},"component_id":{"$oid":"65487e54edd81ea7b8736a1d"},"name":"name","caption":"Nombre","required":"0","type_id":{"$oid":"654665757883da584b2618f2"},"description":"","auth_created":{"$date":{"$numberLong":"1699249834241"}},"auth_author":{"$oid":"6547c5cccd4a24857ffd915c"}}
{"_id":{"$oid":"65487f30f8e298913f2d5719"},"component_id":{"$oid":"6547db2420188d15280571c1"},"name":"store_id","caption":"Tienda-Almacén","required":"0","type_id":{"$oid":"65467a75c57111780fd0f565"},"ref_id":{"$oid":"65487e54edd81ea7b8736a1d"},"ref_code":"","description":"","auth_created":{"$date":{"$numberLong":"1699249968670"}},"auth_author":{"$oid":"6547c5cccd4a24857ffd915c"}}
{"_id":{"$oid":"65487f77f8e298913f2d571a"},"component_id":{"$oid":"6547db5220188d15280571c2"},"name":"quantity-output","caption":"Cantidad","required":"0","type_id":{"$oid":"654665757883da584b2618f2"},"description":"Salida de productos para ventas","auth_created":{"$date":{"$numberLong":"1699250039644"}},"auth_author":{"$oid":"6547c5cccd4a24857ffd915c"}}
{"_id":{"$oid":"65497d070fafd6068bdbddbf"},"component_id":{"$oid":"65497ce70fafd6068bdbddbe"},"name":"name","caption":"Nombre","required":"1","type_id":{"$oid":"654665757883da584b2618f2"},"description":"","auth_created":{"$date":{"$numberLong":"1699314951349"}},"auth_author":{"$oid":"6547c5cccd4a24857ffd915c"}}
{"_id":{"$oid":"65497efaba90e84c444e051c"},"component_id":{"$oid":"65494f3f9bb647e352114e10"},"module_id":"65497b2e0fafd6068bdbddbb","name":"description","caption":"Descripción","required":"0","type_id":{"$oid":"654678c573bc8bd58023d7bc"},"description":"","auth_created":{"$date":{"$numberLong":"1699315450174"}},"auth_author":{"$oid":"6547c5cccd4a24857ffd915c"}}
{"_id":{"$oid":"65497f3b5a6829f330273050"},"component_id":{"$oid":"65494f3f9bb647e352114e10"},"module_id":"65497b2e0fafd6068bdbddbb","name":"description","caption":"Descripción","required":"0","type_id":{"$oid":"654678c573bc8bd58023d7bc"},"description":"","auth_created":{"$date":{"$numberLong":"1699315515047"}},"auth_author":{"$oid":"6547c5cccd4a24857ffd915c"}}
{"_id":{"$oid":"65497fd946c40fbe2071415f"},"component_id":{"$oid":"65494f3f9bb647e352114e10"},"name":"description","caption":"Descripción","required":"0","type_id":{"$oid":"654678c573bc8bd58023d7bc"},"description":"","auth_created":{"$date":{"$numberLong":"1699315673569"}},"auth_author":{"$oid":"6547c5cccd4a24857ffd915c"}}
{"_id":{"$oid":"6549801ddce40147ca00c82b"},"component_id":{"$oid":"65494f3f9bb647e352114e10"},"name":"dd","caption":"dd","required":"0","type_id":{"$oid":"654678c573bc8bd58023d7bc"},"description":"","auth_created":{"$date":{"$numberLong":"1699315741759"}},"auth_author":{"$oid":"6547c5cccd4a24857ffd915c"}}
{"_id":{"$oid":"6549817bdce40147ca00c82d"},"component_id":{"$oid":"65497ce70fafd6068bdbddbe"},"name":"description","caption":"Descripcion","required":"0","type_id":{"$oid":"654678c573bc8bd58023d7bc"},"description":"","auth_created":{"$date":{"$numberLong":"1699316091215"}},"auth_author":{"$oid":"6547c5cccd4a24857ffd915c"}}
{"_id":{"$oid":"65498199dce40147ca00c82e"},"component_id":{"$oid":"65497cbf0fafd6068bdbddbd"},"name":"date","caption":"Fecha","required":"0","type_id":{"$oid":"65467a38c57111780fd0f564"},"description":"","auth_created":{"$date":{"$numberLong":"1699316121473"}},"auth_author":{"$oid":"6547c5cccd4a24857ffd915c"}}
{"_id":{"$oid":"654981b4dce40147ca00c82f"},"component_id":{"$oid":"65497cbf0fafd6068bdbddbd"},"name":"description","caption":"Descripción","required":"0","type_id":{"$oid":"654678c573bc8bd58023d7bc"},"description":"","auth_created":{"$date":{"$numberLong":"1699316148989"}},"auth_author":{"$oid":"6547c5cccd4a24857ffd915c"}}
{"_id":{"$oid":"654981dedce40147ca00c830"},"component_id":{"$oid":"65497c9f0fafd6068bdbddbc"},"name":"user_id","caption":"Persona","required":"0","type_id":{"$oid":"65467a75c57111780fd0f565"},"ref_id":{"$oid":"65497b080fafd6068bdbddb9"},"ref_code":"","description":"","auth_created":{"$date":{"$numberLong":"1699316190181"}},"auth_author":{"$oid":"6547c5cccd4a24857ffd915c"}}
{"_id":{"$oid":"65498241dce40147ca00c831"},"component_id":{"$oid":"65497c9f0fafd6068bdbddbc"},"name":"type_id","caption":"Tipo de registro","required":"0","type_id":{"$oid":"65467a75c57111780fd0f565"},"ref_id":{"$oid":"65497ce70fafd6068bdbddbe"},"ref_code":"","description":"","auth_created":{"$date":{"$numberLong":"1699316289601"}},"auth_author":{"$oid":"6547c5cccd4a24857ffd915c"}}
{"_id":{"$oid":"65498282dce40147ca00c832"},"component_id":{"$oid":"65497cbf0fafd6068bdbddbd"},"name":"record_id","caption":"Registro","required":"0","type_id":{"$oid":"65467a75c57111780fd0f565"},"ref_id":{"$oid":"65497c9f0fafd6068bdbddbc"},"ref_code":"","description":"","auth_created":{"$date":{"$numberLong":"1699316354592"}},"auth_author":{"$oid":"6547c5cccd4a24857ffd915c"}}
{"_id":{"$oid":"654982b2dce40147ca00c833"},"component_id":{"$oid":"65497c9f0fafd6068bdbddbc"},"name":"number","caption":"Número","required":"0","type_id":{"$oid":"654679139348f1acd4ee354a"},"description":"","auth_created":{"$date":{"$numberLong":"1699316402682"}},"auth_author":{"$oid":"6547c5cccd4a24857ffd915c"}}
{"_id":{"$oid":"654982ffdce40147ca00c834"},"component_id":{"$oid":"65497c9f0fafd6068bdbddbc"},"name":"description","caption":"Asunto","required":"0","type_id":{"$oid":"654678c573bc8bd58023d7bc"},"description":"","auth_created":{"$date":{"$numberLong":"1699316479385"}},"auth_author":{"$oid":"6547c5cccd4a24857ffd915c"}}
{"_id":{"$oid":"6549832cdce40147ca00c835"},"component_id":{"$oid":"65497c9f0fafd6068bdbddbc"},"name":"date_register","caption":"Fecha de registro","required":"0","type_id":{"$oid":"65467a38c57111780fd0f564"},"description":"","auth_created":{"$date":{"$numberLong":"1699316524476"}},"auth_author":{"$oid":"6547c5cccd4a24857ffd915c"}}
{"_id":{"$oid":"6549842edce40147ca00c836"},"component_id":{"$oid":"65497c9f0fafd6068bdbddbc"},"name":"date_finish","caption":"Fecha de finalización","required":"0","type_id":{"$oid":"65467a38c57111780fd0f564"},"description":"","auth_created":{"$date":{"$numberLong":"1699316782075"}},"auth_author":{"$oid":"6547c5cccd4a24857ffd915c"}}
{"_id":{"$oid":"654984c7dce40147ca00c837"},"component_id":{"$oid":"65497c9f0fafd6068bdbddbc"},"name":"status","caption":"Estado","required":"0","type_id":{"$oid":"654665757883da584b2618f2"},"description":"","auth_created":{"$date":{"$numberLong":"1699316935474"}},"auth_author":{"$oid":"6547c5cccd4a24857ffd915c"}}
{"_id":{"$oid":"65498532dce40147ca00c839"},"component_id":{"$oid":"6549850edce40147ca00c838"},"name":"name","caption":"Nombre","required":"0","type_id":{"$oid":"654665757883da584b2618f2"},"description":"","auth_created":{"$date":{"$numberLong":"1699317042447"}},"auth_author":{"$oid":"6547c5cccd4a24857ffd915c"}}
{"_id":{"$oid":"6549856bdce40147ca00c83a"},"component_id":{"$oid":"65497cbf0fafd6068bdbddbd"},"name":"date_assignment","caption":"Fecha de asignación","required":"0","type_id":{"$oid":"65467a38c57111780fd0f564"},"description":"","auth_created":{"$date":{"$numberLong":"1699317099374"}},"auth_author":{"$oid":"6547c5cccd4a24857ffd915c"}}
{"_id":{"$oid":"654985b8dce40147ca00c83b"},"component_id":{"$oid":"65497cbf0fafd6068bdbddbd"},"name":"date_finish","caption":"Fecha de finalización","required":"0","type_id":{"$oid":"65467a38c57111780fd0f564"},"description":"","auth_created":{"$date":{"$numberLong":"1699317176719"}},"auth_author":{"$oid":"6547c5cccd4a24857ffd915c"}}
{"_id":{"$oid":"65498610dce40147ca00c83d"},"component_id":{"$oid":"65497cbf0fafd6068bdbddbd"},"name":"area_id","caption":"Área","required":"0","type_id":{"$oid":"65467a75c57111780fd0f565"},"ref_id":{"$oid":"6549850edce40147ca00c838"},"ref_code":"","description":"","auth_created":{"$date":{"$numberLong":"1699317264008"}},"auth_author":{"$oid":"6547c5cccd4a24857ffd915c"}}
{"_id":{"$oid":"65498743dce40147ca00c840"},"component_id":{"$oid":"6549870ddce40147ca00c83e"},"name":"record_id","caption":"Tramite","required":"0","type_id":{"$oid":"65467a75c57111780fd0f565"},"ref_id":{"$oid":"65497c9f0fafd6068bdbddbc"},"ref_code":"","description":"","auth_created":{"$date":{"$numberLong":"1699317571515"}},"auth_author":{"$oid":"6547c5cccd4a24857ffd915c"}}
{"_id":{"$oid":"655a9569fe3a538f78661aa4"},"component_id":{"$oid":"655a9457fe3a538f78661a9f"},"name":"name","caption":"Nombre","required":"0","type_id":{"$oid":"654665757883da584b2618f2"},"description":"","auth_created":{"$date":{"$numberLong":"1700435305542"}},"auth_author":{"$oid":"6547c5cccd4a24857ffd915c"}}
{"_id":{"$oid":"655a9585fe3a538f78661aa5"},"component_id":{"$oid":"655a9457fe3a538f78661a9f"},"name":"email","caption":"Email","required":"0","type_id":{"$oid":"654665757883da584b2618f2"},"description":"","auth_created":{"$date":{"$numberLong":"1700435333354"}},"auth_author":{"$oid":"6547c5cccd4a24857ffd915c"}}
{"_id":{"$oid":"655a9597fe3a538f78661aa6"},"component_id":{"$oid":"655a9457fe3a538f78661a9f"},"name":"password","caption":"Comtraseña","required":"0","type_id":{"$oid":"654665757883da584b2618f2"},"description":"","auth_created":{"$date":{"$numberLong":"1700435351472"}},"auth_author":{"$oid":"6547c5cccd4a24857ffd915c"}}
{"_id":{"$oid":"655a95cffe3a538f78661aa7"},"component_id":{"$oid":"655a9457fe3a538f78661a9f"},"name":"enabled","caption":"Habilitado","required":"0","type_id":{"$oid":"654876ae980e31d25b4bc450"},"description":"","auth_created":{"$date":{"$numberLong":"1700435407009"}},"auth_author":{"$oid":"6547c5cccd4a24857ffd915c"}}
{"_id":{"$oid":"655a965ffe3a538f78661aa8"},"component_id":{"$oid":"655a946dfe3a538f78661aa0"},"name":"name","caption":"Nombre","required":"0","type_id":{"$oid":"654665757883da584b2618f2"},"description":"","auth_created":{"$date":{"$numberLong":"1700435551076"}},"auth_author":{"$oid":"6547c5cccd4a24857ffd915c"}}
{"_id":{"$oid":"655a969efe3a538f78661aa9"},"component_id":{"$oid":"655a9457fe3a538f78661a9f"},"name":"roles","caption":"Roles","required":"0","type_id":{"$oid":"65467a75c57111780fd0f565"},"ref_id":{"$oid":"655a946dfe3a538f78661aa0"},"ref_code":"","description":"","auth_created":{"$date":{"$numberLong":"1700435614662"}},"auth_author":{"$oid":"6547c5cccd4a24857ffd915c"},"Required":"1","auth_editor":{"$oid":"6547c5cccd4a24857ffd915c"},"auth_modified":{"$date":{"$numberLong":"1700435740165"}}}
{"_id":{"$oid":"655a96fdfe3a538f78661aaa"},"component_id":{"$oid":"655a946dfe3a538f78661aa0"},"name":"resources","caption":"Recursos","required":"0","type_id":{"$oid":"65467a75c57111780fd0f565"},"ref_id":{"$oid":"655a94f2fe3a538f78661aa2"},"ref_code":"","description":"","auth_created":{"$date":{"$numberLong":"1700435709905"}},"auth_author":{"$oid":"6547c5cccd4a24857ffd915c"}}
{"_id":{"$oid":"655aab725e070d644e357699"},"component_id":{"$oid":"655a94f2fe3a538f78661aa2"},"name":"name","caption":"Nombre","required":"0","type_id":{"$oid":"654665757883da584b2618f2"},"description":"","auth_created":{"$date":{"$numberLong":"1700440946612"}},"auth_author":{"$oid":"6547c5cccd4a24857ffd915c"}}
{"_id":{"$oid":"655aab8c5e070d644e35769a"},"component_id":{"$oid":"655a94f2fe3a538f78661aa2"},"name":"url","caption":"Enlace","required":"0","type_id":{"$oid":"654665757883da584b2618f2"},"description":"","auth_created":{"$date":{"$numberLong":"1700440972387"}},"auth_author":{"$oid":"6547c5cccd4a24857ffd915c"}}
{"_id":{"$oid":"655ab2bc183e9d2a24824dab"},"component_id":{"$oid":"655aad835e070d644e35769e"},"name":"store_id","caption":"Tienda-Almacen","required":"0","type_id":{"$oid":"65467a75c57111780fd0f565"},"ref_id":{"$oid":"655ab26f183e9d2a24824daa"},"ref_code":"","description":"","auth_created":{"$date":{"$numberLong":"1700442812674"}},"auth_author":{"$oid":"6547c5cccd4a24857ffd915c"}}
{"_id":{"$oid":"655ab303183e9d2a24824dac"},"component_id":{"$oid":"655aad835e070d644e35769e"},"name":"personery_id","caption":"Personeria","required":"0","type_id":{"$oid":"65467a75c57111780fd0f565"},"ref_id":{"$oid":"655aad115e070d644e35769d"},"ref_code":"","description":"","auth_created":{"$date":{"$numberLong":"1700442883250"}},"auth_author":{"$oid":"6547c5cccd4a24857ffd915c"}}
{"_id":{"$oid":"655ab32e183e9d2a24824dad"},"component_id":{"$oid":"655aadd55e070d644e35769f"},"name":"document_id","caption":"Documento","required":"0","type_id":{"$oid":"65467a75c57111780fd0f565"},"ref_id":{"$oid":"655aad835e070d644e35769e"},"ref_code":"","description":"","auth_created":{"$date":{"$numberLong":"1700442926128"}},"auth_author":{"$oid":"6547c5cccd4a24857ffd915c"},"Required":"1","auth_editor":{"$oid":"6547c5cccd4a24857ffd915c"},"auth_modified":{"$date":{"$numberLong":"1700443174196"}}}
{"_id":{"$oid":"655ab368183e9d2a24824dae"},"component_id":{"$oid":"655aad835e070d644e35769e"},"name":"prices_id","caption":"Lista de precios","required":"0","type_id":{"$oid":"65467a75c57111780fd0f565"},"ref_id":{"$oid":"655aae4a5e070d644e3576a1"},"ref_code":"","description":"","auth_created":{"$date":{"$numberLong":"1700442984265"}},"auth_author":{"$oid":"6547c5cccd4a24857ffd915c"}}
{"_id":{"$oid":"655ab3ab183e9d2a24824daf"},"component_id":{"$oid":"655aadd55e070d644e35769f"},"name":"product_id","caption":"producto","required":"0","type_id":{"$oid":"65467a75c57111780fd0f565"},"ref_id":{"$oid":"655aae335e070d644e3576a0"},"ref_code":"","description":"","auth_created":{"$date":{"$numberLong":"1700443051324"}},"auth_author":{"$oid":"6547c5cccd4a24857ffd915c"}}
{"_id":{"$oid":"655ab3da183e9d2a24824db0"},"component_id":{"$oid":"655aae335e070d644e3576a0"},"name":"product_group_id","caption":"Producto Grupo","required":"0","type_id":{"$oid":"65467a75c57111780fd0f565"},"ref_id":{"$oid":"655aaeb45e070d644e3576a2"},"ref_code":"","description":"","auth_created":{"$date":{"$numberLong":"1700443098971"}},"auth_author":{"$oid":"6547c5cccd4a24857ffd915c"}}
{"_id":{"$oid":"655ab49c183e9d2a24824db2"},"component_id":{"$oid":"655aae4a5e070d644e3576a1"},"name":"unit_id","caption":"Unidad de medida","required":"0","type_id":{"$oid":"65467a75c57111780fd0f565"},"ref_id":{"$oid":"655ab40a183e9d2a24824db1"},"ref_code":"","description":"","auth_created":{"$date":{"$numberLong":"1700443292805"}},"auth_author":{"$oid":"6547c5cccd4a24857ffd915c"}}
{"_id":{"$oid":"655ac0aa183e9d2a24824db4"},"component_id":{"$oid":"655aad835e070d644e35769e"},"name":"number","caption":"Número","required":"0","type_id":{"$oid":"654679139348f1acd4ee354a"},"description":"","auth_created":{"$date":{"$numberLong":"1700446378961"}},"auth_author":{"$oid":"6547c5cccd4a24857ffd915c"}}
{"_id":{"$oid":"655ac0c7183e9d2a24824db5"},"component_id":{"$oid":"655aad835e070d644e35769e"},"name":"total","caption":"Total","required":"0","type_id":{"$oid":"654838bb2e564befe8f48c2a"},"description":"","auth_created":{"$date":{"$numberLong":"1700446407988"}},"auth_author":{"$oid":"6547c5cccd4a24857ffd915c"}}
{"_id":{"$oid":"655ac106183e9d2a24824db6"},"component_id":{"$oid":"655aae4a5e070d644e3576a1"},"name":"product_id","caption":"producto","required":"0","type_id":{"$oid":"65467a75c57111780fd0f565"},"ref_id":{"$oid":"655aae335e070d644e3576a0"},"ref_code":"","description":"","auth_created":{"$date":{"$numberLong":"1700446470891"}},"auth_author":{"$oid":"6547c5cccd4a24857ffd915c"}}
{"_id":{"$oid":"655ac131183e9d2a24824db7"},"component_id":{"$oid":"655aae4a5e070d644e3576a1"},"name":"price","caption":"Precio","required":"0","type_id":{"$oid":"654838bb2e564befe8f48c2a"},"description":"","auth_created":{"$date":{"$numberLong":"1700446513942"}},"auth_author":{"$oid":"6547c5cccd4a24857ffd915c"}}
{"_id":{"$oid":"655ac19a183e9d2a24824db8"},"component_id":{"$oid":"655ab26f183e9d2a24824daa"},"name":"name","caption":"Nombre","required":"0","type_id":{"$oid":"654665757883da584b2618f2"},"description":"","auth_created":{"$date":{"$numberLong":"1700446618316"}},"auth_author":{"$oid":"6547c5cccd4a24857ffd915c"}}
{"_id":{"$oid":"655ac1ae183e9d2a24824db9"},"component_id":{"$oid":"655ab26f183e9d2a24824daa"},"name":"address","caption":"Dirección","required":"0","type_id":{"$oid":"654665757883da584b2618f2"},"description":"","auth_created":{"$date":{"$numberLong":"1700446638593"}},"auth_author":{"$oid":"6547c5cccd4a24857ffd915c"}}
{"_id":{"$oid":"655ac1d0183e9d2a24824dba"},"component_id":{"$oid":"655ab40a183e9d2a24824db1"},"name":"name","caption":"Nombre","required":"0","type_id":{"$oid":"654665757883da584b2618f2"},"description":"","auth_created":{"$date":{"$numberLong":"1700446672623"}},"auth_author":{"$oid":"6547c5cccd4a24857ffd915c"}}
{"_id":{"$oid":"655ac1f2183e9d2a24824dbb"},"component_id":{"$oid":"655ab40a183e9d2a24824db1"},"name":"abbreviation","caption":"Abreviatura","required":"0","type_id":{"$oid":"654665757883da584b2618f2"},"description":"","auth_created":{"$date":{"$numberLong":"1700446706668"}},"auth_author":{"$oid":"6547c5cccd4a24857ffd915c"}}
{"_id":{"$oid":"655ac217183e9d2a24824dbc"},"component_id":{"$oid":"655aae335e070d644e3576a0"},"name":"name","caption":"Nombre","required":"0","type_id":{"$oid":"654665757883da584b2618f2"},"description":"","auth_created":{"$date":{"$numberLong":"1700446743983"}},"auth_author":{"$oid":"6547c5cccd4a24857ffd915c"}}
{"_id":{"$oid":"655ac22e183e9d2a24824dbd"},"component_id":{"$oid":"655aae335e070d644e3576a0"},"name":"model","caption":"Modelo","required":"0","type_id":{"$oid":"654665757883da584b2618f2"},"description":"","auth_created":{"$date":{"$numberLong":"1700446766883"}},"auth_author":{"$oid":"6547c5cccd4a24857ffd915c"}}
{"_id":{"$oid":"655ac257183e9d2a24824dbe"},"component_id":{"$oid":"655aae335e070d644e3576a0"},"name":"brand","caption":"Marca","required":"0","type_id":{"$oid":"654665757883da584b2618f2"},"description":"","auth_created":{"$date":{"$numberLong":"1700446807952"}},"auth_author":{"$oid":"6547c5cccd4a24857ffd915c"}}
{"_id":{"$oid":"655ac28c183e9d2a24824dbf"},"component_id":{"$oid":"655aad115e070d644e35769d"},"name":"name","caption":"Nombre","required":"0","type_id":{"$oid":"654665757883da584b2618f2"},"description":"","auth_created":{"$date":{"$numberLong":"1700446860040"}},"auth_author":{"$oid":"6547c5cccd4a24857ffd915c"}}
{"_id":{"$oid":"655ac29a183e9d2a24824dc0"},"component_id":{"$oid":"655aad115e070d644e35769d"},"name":"code","caption":"Codigo","required":"0","type_id":{"$oid":"654665757883da584b2618f2"},"description":"","auth_created":{"$date":{"$numberLong":"1700446874605"}},"auth_author":{"$oid":"6547c5cccd4a24857ffd915c"}}
{"_id":{"$oid":"655ac2b6183e9d2a24824dc1"},"component_id":{"$oid":"655aad115e070d644e35769d"},"name":"address","caption":"Dirección","required":"0","type_id":{"$oid":"654665757883da584b2618f2"},"description":"","auth_created":{"$date":{"$numberLong":"1700446902953"}},"auth_author":{"$oid":"6547c5cccd4a24857ffd915c"}}
{"_id":{"$oid":"655ac2e3183e9d2a24824dc2"},"component_id":{"$oid":"655aad115e070d644e35769d"},"name":"email","caption":"Correo Electrónico","required":"0","type_id":{"$oid":"654665757883da584b2618f2"},"description":"","auth_created":{"$date":{"$numberLong":"1700446947007"}},"auth_author":{"$oid":"6547c5cccd4a24857ffd915c"}}
{"_id":{"$oid":"655ac315183e9d2a24824dc3"},"component_id":{"$oid":"655aad115e070d644e35769d"},"name":"type_id","caption":"Tipo","required":"0","type_id":{"$oid":"65467a75c57111780fd0f565"},"ref_id":{"$oid":"655ab55e183e9d2a24824db3"},"ref_code":"","description":"","auth_created":{"$date":{"$numberLong":"1700446997582"}},"auth_author":{"$oid":"6547c5cccd4a24857ffd915c"}}
