{"_id":{"$oid":"654665657883da584b2618f1"},"name":"Tipo de datos","value":"100","auth_created":{"$date":{"$numberLong":"1699112293732"}},"auth_author":{"$numberInt":"1"},"auth_editor":null,"auth_modified":{"$date":{"$numberLong":"1699117459467"}}}
{"_id":{"$oid":"654665757883da584b2618f2"},"parent_id":{"$oid":"654665657883da584b2618f1"},"name":"Lina de texto","value":"string","auth_created":{"$date":{"$numberLong":"1699112309426"}},"auth_author":{"$numberInt":"1"},"auth_editor":null,"auth_modified":{"$date":{"$numberLong":"1699117545639"}}}
{"_id":{"$oid":"654678c573bc8bd58023d7bc"},"id":"654665757883da584b2618f2","parent_id":{"$oid":"654665657883da584b2618f1"},"name":"Multiple lines de texto","value":"text","auth_created":{"$date":{"$numberLong":"1699117253965"}},"auth_author":{"$numberInt":"1"},"auth_editor":null,"auth_modified":{"$date":{"$numberLong":"1699117587228"}}}
{"_id":{"$oid":"654679139348f1acd4ee354a"},"id":"654678c573bc8bd58023d7bc","parent_id":{"$oid":"654665657883da584b2618f1"},"name":"Número","value":"int","auth_created":{"$date":{"$numberLong":"1699117331283"}},"auth_author":{"$numberInt":"1"},"auth_editor":null,"auth_modified":{"$date":{"$numberLong":"1699316491455"}}}
{"_id":{"$oid":"65467a38c57111780fd0f564"},"parent_id":{"$oid":"654665657883da584b2618f1"},"name":"Fecha","value":"date","auth_created":{"$date":{"$numberLong":"1699117624564"}},"auth_author":{"$numberInt":"1"}}
{"_id":{"$oid":"65467a75c57111780fd0f565"},"name":"Referencia","value":"reference","auth_created":{"$date":{"$numberLong":"1699117685302"}},"auth_author":{"$numberInt":"1"},"auth_editor":null,"auth_modified":{"$date":{"$numberLong":"1699117764786"}},"parent_id":{"$oid":"654665657883da584b2618f1"}}
{"_id":{"$oid":"65467ae7c57111780fd0f566"},"name":"Tipo de Componente","value":"101","auth_created":{"$date":{"$numberLong":"1699117799356"}},"auth_author":{"$numberInt":"1"}}
{"_id":{"$oid":"65467af5c57111780fd0f567"},"parent_id":{"$oid":"65467ae7c57111780fd0f566"},"name":"Lista","value":"list","auth_created":{"$date":{"$numberLong":"1699117813889"}},"auth_author":{"$numberInt":"1"}}
{"_id":{"$oid":"65467b7419ac7744cc33643d"},"parent_id":{"$oid":"65467ae7c57111780fd0f566"},"name":"Lista de lista","value":"listoflist","auth_created":{"$date":{"$numberLong":"1699117940474"}},"auth_author":{"$numberInt":"1"},"auth_editor":null,"auth_modified":{"$date":{"$numberLong":"1699117956626"}}}
{"_id":{"$oid":"65467ba519ac7744cc33643e"},"parent_id":{"$oid":"65467ae7c57111780fd0f566"},"name":"Libreria de documentos","value":"library","auth_created":{"$date":{"$numberLong":"1699117989314"}},"auth_author":{"$numberInt":"1"},"auth_editor":null,"auth_modified":{"$date":{"$numberLong":"1699118016978"}}}
{"_id":{"$oid":"654838bb2e564befe8f48c2a"},"parent_id":{"$oid":"654665657883da584b2618f1"},"name":"Decimal","value":"decimal","auth_created":{"$date":{"$numberLong":"1699231931588"}},"auth_author":"6547c5cccd4a24857ffd915c"}
{"_id":{"$oid":"654838de2e564befe8f48c2b"},"parent_id":{"$oid":"654665657883da584b2618f1"},"name":"Persona o Grupo","value":"person","auth_created":{"$date":{"$numberLong":"1699231966530"}},"auth_author":"6547c5cccd4a24857ffd915c"}
{"_id":{"$oid":"654876ae980e31d25b4bc450"},"parent_id":{"$oid":"654665657883da584b2618f1"},"name":"Si o No","value":"bit","auth_created":{"$date":{"$numberLong":"1699247790358"}},"auth_author":"6547c5cccd4a24857ffd915c"}
{"_id":{"$oid":"65487c3fedd81ea7b8736a16"},"parent_id":{"$oid":"654665657883da584b2618f1"},"name":"Fecha","value":"date","auth_created":{"$date":{"$numberLong":"1699249215742"}},"auth_author":"6547c5cccd4a24857ffd915c"}
{"_id":{"$oid":"65487c55edd81ea7b8736a17"},"parent_id":{"$oid":"654665657883da584b2618f1"},"name":"Fecha y hora","value":"datetime","auth_created":{"$date":{"$numberLong":"1699249237672"}},"auth_author":"6547c5cccd4a24857ffd915c"}
{"_id":{"$oid":"655a97a6fe3a538f78661aab"},"name":"Tipo de Aplicación","value":"102","auth_created":{"$date":{"$numberLong":"1700435878932"}},"auth_author":"6547c5cccd4a24857ffd915c","auth_editor":null,"auth_modified":{"$date":{"$numberLong":"1700435927214"}}}
{"_id":{"$oid":"655a97cafe3a538f78661aac"},"parent_id":{"$oid":"655a97a6fe3a538f78661aab"},"name":"Nodejs - MongoDB","value":"-","auth_created":{"$date":{"$numberLong":"1700435914815"}},"auth_author":"6547c5cccd4a24857ffd915c"}
{"_id":{"$oid":"655a97f0fe3a538f78661aad"},"parent_id":{"$oid":"655a97a6fe3a538f78661aab"},"name":"Nodejs - MySql","value":"-","auth_created":{"$date":{"$numberLong":"1700435952347"}},"auth_author":"6547c5cccd4a24857ffd915c"}
{"_id":{"$oid":"655a9805fe3a538f78661aae"},"parent_id":{"$oid":"655a97a6fe3a538f78661aab"},"name":"Nodejs - SqlServer","value":"-","auth_created":{"$date":{"$numberLong":"1700435973301"}},"auth_author":"6547c5cccd4a24857ffd915c"}
{"_id":{"$oid":"655a9826fe3a538f78661aaf"},"parent_id":{"$oid":"655a97a6fe3a538f78661aab"},"name":"Net MVC C# - SqlServer ","value":"-","auth_created":{"$date":{"$numberLong":"1700436006166"}},"auth_author":"6547c5cccd4a24857ffd915c"}
