{"_id":{"$oid":"6547c5cccd4a24857ffd915c"},"name":"roderick","email":"roderick@agilecorp.net.pe","password":"bk4cybertel","auth_created":{"$date":{"$numberLong":"1699202508203"}},"auth_author":{"$numberInt":"1"},"auth_editor":{"$oid":"654ebc77ad551948cc7e68c0"},"auth_modified":{"$date":{"$numberLong":"1699658871785"}},"rol":"Admin"}
{"_id":{"$oid":"654eb793951441fc823dcffe"},"name":"Luis","rol":"Gestor","email":"luis@agilex.pe","password":"123456","auth_created":{"$date":{"$numberLong":"1699657619332"}},"auth_author":{"$oid":"6547c5cccd4a24857ffd915c"},"auth_editor":{"$oid":"654ebc5d03ead0c51fbbe230"},"auth_modified":{"$date":{"$numberLong":"1699658845450"}}}
{"_id":{"$oid":"654eb7af951441fc823dcfff"},"name":"Gustavo","rol":"Gestor","email":"gustavo@agilex.pe","password":"123456","auth_created":{"$date":{"$numberLong":"1699657647229"}},"auth_author":{"$oid":"6547c5cccd4a24857ffd915c"}}
{"_id":{"$oid":"654ebc95ad551948cc7e68c1"},"name":"Yair","rol":"Gestor","email":"yair@agilex.pe","password":"123456","auth_created":{"$date":{"$numberLong":"1699658901173"}},"auth_author":{"$oid":"6547c5cccd4a24857ffd915c"}}
