{"_id":{"$oid":"654fad4e077db708bff4d192"},"file":"controllers\\apps.js","route":"/apps"}
{"_id":{"$oid":"654fad4e077db708bff4d193"},"file":"controllers\\apps.js","route":"/apps/create"}
{"_id":{"$oid":"654fad4e077db708bff4d194"},"file":"controllers\\apps.js","route":"/apps/create"}
{"_id":{"$oid":"654fad4e077db708bff4d195"},"file":"controllers\\apps.js","route":"/apps/read/:id/:module?"}
{"_id":{"$oid":"654fad4e077db708bff4d196"},"file":"controllers\\apps.js","route":"/apps/update/:id"}
{"_id":{"$oid":"654fad4e077db708bff4d197"},"file":"controllers\\apps.js","route":"/apps/update"}
{"_id":{"$oid":"654fad4e077db708bff4d198"},"file":"controllers\\apps.js","route":"/apps/delete/:id"}
{"_id":{"$oid":"654fad4e077db708bff4d199"},"file":"controllers\\apps.js","route":"/apps/delete"}
{"_id":{"$oid":"654fad4e077db708bff4d19a"},"file":"controllers\\attributes.js","route":"/attributes/create/:app_id/:module_id/:component_id"}
{"_id":{"$oid":"654fad4e077db708bff4d19b"},"file":"controllers\\attributes.js","route":"/attributes/create"}
{"_id":{"$oid":"654fad4e077db708bff4d19c"},"file":"controllers\\attributes.js","route":"/attributes/update/:id/:app_id"}
{"_id":{"$oid":"654fad4e077db708bff4d19d"},"file":"controllers\\attributes.js","route":"/attributes/update"}
{"_id":{"$oid":"654fad4e077db708bff4d19e"},"file":"controllers\\attributes.js","route":"/attributes/delete/:id/:app_id"}
{"_id":{"$oid":"654fad4e077db708bff4d19f"},"file":"controllers\\attributes.js","route":"/attributes/delete"}
{"_id":{"$oid":"654fad4e077db708bff4d1a0"},"file":"controllers\\components.js","route":"/components/create/:app_id/:module_id"}
{"_id":{"$oid":"654fad4e077db708bff4d1a1"},"file":"controllers\\components.js","route":"/components/create"}
{"_id":{"$oid":"654fad4e077db708bff4d1a2"},"file":"controllers\\components.js","route":"/components/update/:id/:app_id"}
{"_id":{"$oid":"654fad4e077db708bff4d1a3"},"file":"controllers\\components.js","route":"/components/update"}
{"_id":{"$oid":"654fad4e077db708bff4d1a4"},"file":"controllers\\components.js","route":"/components/delete/:uniqueid"}
{"_id":{"$oid":"654fad4e077db708bff4d1a5"},"file":"controllers\\components.js","route":"/components/delete"}
{"_id":{"$oid":"654fad4e077db708bff4d1a6"},"file":"controllers\\home.js","route":"/"}
{"_id":{"$oid":"654fad4e077db708bff4d1a7"},"file":"controllers\\modules.js","route":"/modules/create/:id"}
{"_id":{"$oid":"654fad4e077db708bff4d1a8"},"file":"controllers\\modules.js","route":"/modules/create"}
{"_id":{"$oid":"654fad4e077db708bff4d1a9"},"file":"controllers\\modules.js","route":"/modules/update/:id/:app_id"}
{"_id":{"$oid":"654fad4e077db708bff4d1aa"},"file":"controllers\\modules.js","route":"/modules/update"}
{"_id":{"$oid":"654fad4e077db708bff4d1ab"},"file":"controllers\\modules.js","route":"/modules/delete/:uniqueid"}
{"_id":{"$oid":"654fad4e077db708bff4d1ac"},"file":"controllers\\modules.js","route":"/modules/delete"}
{"_id":{"$oid":"654fad4e077db708bff4d1ad"},"file":"controllers\\routes.js","route":"/routes"}
{"_id":{"$oid":"654fad4e077db708bff4d1ae"},"file":"controllers\\routes.js","route":"/routes/update"}
{"_id":{"$oid":"654fad4e077db708bff4d1b0"},"file":"controllers\\tablegenerals.js","route":"/tablegenerals"}
{"_id":{"$oid":"654fad4e077db708bff4d1b1"},"file":"controllers\\tablegenerals.js","route":"/tablegenerals/create"}
{"_id":{"$oid":"654fad4e077db708bff4d1b2"},"file":"controllers\\tablegenerals.js","route":"/tablegenerals/create"}
{"_id":{"$oid":"654fad4e077db708bff4d1b3"},"file":"controllers\\tablegenerals.js","route":"/tablegenerals/read/:id"}
{"_id":{"$oid":"654fad4e077db708bff4d1b4"},"file":"controllers\\tablegenerals.js","route":"/tablegenerals/update/:id"}
{"_id":{"$oid":"654fad4e077db708bff4d1b5"},"file":"controllers\\tablegenerals.js","route":"/tablegenerals/update"}
{"_id":{"$oid":"654fad4e077db708bff4d1b6"},"file":"controllers\\tablegenerals.js","route":"/tablegenerals/delete/:uniqueid"}
{"_id":{"$oid":"654fad4e077db708bff4d1b7"},"file":"controllers\\tablegenerals.js","route":"/tablegenerals/delete"}
{"_id":{"$oid":"654fad4e077db708bff4d1b8"},"file":"controllers\\users.js","route":"/users"}
{"_id":{"$oid":"654fad4e077db708bff4d1b9"},"file":"controllers\\users.js","route":"/users/create"}
{"_id":{"$oid":"654fad4e077db708bff4d1ba"},"file":"controllers\\users.js","route":"/users/create"}
{"_id":{"$oid":"654fad4e077db708bff4d1bb"},"file":"controllers\\users.js","route":"/users/read/:uniqueid"}
{"_id":{"$oid":"654fad4e077db708bff4d1bc"},"file":"controllers\\users.js","route":"/users/update/:id"}
{"_id":{"$oid":"654fad4e077db708bff4d1bd"},"file":"controllers\\users.js","route":"/users/update"}
{"_id":{"$oid":"654fad4e077db708bff4d1be"},"file":"controllers\\users.js","route":"/users/delete/:uniqueid"}
{"_id":{"$oid":"654fad4e077db708bff4d1bf"},"file":"controllers\\users.js","route":"/users/delete"}
