{"_id":{"$oid":"6547c6cbb765573bec6fa25f"},"name":"Clinica Ochoa","domain":"Ochoa","auth_created":{"$date":{"$numberLong":"1699202763480"}},"auth_author":{"$oid":"6547c5cccd4a24857ffd915c"},"auth_editor":{"$oid":"6547c5cccd4a24857ffd915c"},"auth_modified":{"$date":{"$numberLong":"1700439182746"}},"type_id":{"$oid":"655a97cafe3a538f78661aac"}}
{"_id":{"$oid":"65494f3f9bb647e352114e10"},"name":"Tramite Documentario","domain":"tramite","auth_created":{"$date":{"$numberLong":"1699303231451"}},"auth_author":{"$oid":"6547c5cccd4a24857ffd915c"},"auth_editor":{"$oid":"6547c5cccd4a24857ffd915c"},"auth_modified":{"$date":{"$numberLong":"1700439007000"}},"type_id":"655a97cafe3a538f78661aac"}
