{"_id":{"$oid":"654956ed70b939cf18cc5846"},"app_id":{"$oid":"65494f3f9bb647e352114e10"},"name":"Autenticación","description":"Autenticación","type_id":{"$oid":"654956ed70b939cf18cc5845"},"auth_created":{"$date":{"$numberLong":"1699305197479"}},"auth_author":{"$oid":"6547c5cccd4a24857ffd915c"}}
{"_id":{"$oid":"65497b2e0fafd6068bdbddbb"},"app_id":{"$oid":"65494f3f9bb647e352114e10"},"name":"Mesa de Partes","description":"","type_id":{"$oid":"65497b2e0fafd6068bdbddba"},"auth_created":{"$date":{"$numberLong":"1699314478419"}},"auth_author":{"$oid":"6547c5cccd4a24857ffd915c"}}
{"_id":{"$oid":"655a9438fe3a538f78661a9e"},"app_id":{"$oid":"6547c6cbb765573bec6fa25f"},"name":"Auth","description":"Modulo de autenticación","type_id":{"$oid":"655a9438fe3a538f78661a9d"},"auth_created":{"$date":{"$numberLong":"1700435000210"}},"auth_author":{"$oid":"6547c5cccd4a24857ffd915c"}}
{"_id":{"$oid":"655aabd25e070d644e35769c"},"app_id":{"$oid":"6547c6cbb765573bec6fa25f"},"name":"Venta","description":"","type_id":{"$oid":"655aabd25e070d644e35769b"},"auth_created":{"$date":{"$numberLong":"1700441042590"}},"auth_author":{"$oid":"6547c5cccd4a24857ffd915c"}}
