{"_id":{"$oid":"65497b080fafd6068bdbddb9"},"app_id":{"$oid":"65494f3f9bb647e352114e10"},"module_id":{"$oid":"654956ed70b939cf18cc5846"},"name":"user","caption":"Usuarios","description":"","type_id":{"$oid":"65467af5c57111780fd0f567"},"auth_created":{"$date":{"$numberLong":"1699314440944"}},"auth_author":{"$oid":"6547c5cccd4a24857ffd915c"}}
{"_id":{"$oid":"65497c9f0fafd6068bdbddbc"},"app_id":{"$oid":"65494f3f9bb647e352114e10"},"module_id":{"$oid":"65497b2e0fafd6068bdbddbb"},"name":"record","caption":"Registro","description":"","type_id":{"$oid":"65467af5c57111780fd0f567"},"auth_created":{"$date":{"$numberLong":"1699314847661"}},"auth_author":{"$oid":"6547c5cccd4a24857ffd915c"}}
{"_id":{"$oid":"65497cbf0fafd6068bdbddbd"},"app_id":{"$oid":"65494f3f9bb647e352114e10"},"module_id":{"$oid":"65497b2e0fafd6068bdbddbb"},"name":"record_log","caption":"Seguimiento de registro","description":"","type_id":{"$oid":"65467af5c57111780fd0f567"},"auth_created":{"$date":{"$numberLong":"1699314879123"}},"auth_author":{"$oid":"6547c5cccd4a24857ffd915c"}}
{"_id":{"$oid":"65497ce70fafd6068bdbddbe"},"app_id":{"$oid":"65494f3f9bb647e352114e10"},"module_id":{"$oid":"65497b2e0fafd6068bdbddbb"},"name":"record_type","caption":"Tipo de registro","description":"","type_id":{"$oid":"65467af5c57111780fd0f567"},"auth_created":{"$date":{"$numberLong":"1699314919865"}},"auth_author":{"$oid":"6547c5cccd4a24857ffd915c"}}
{"_id":{"$oid":"6549850edce40147ca00c838"},"app_id":{"$oid":"65494f3f9bb647e352114e10"},"module_id":{"$oid":"65497b2e0fafd6068bdbddbb"},"name":"area","caption":"Área","description":"","type_id":{"$oid":"65467af5c57111780fd0f567"},"auth_created":{"$date":{"$numberLong":"1699317006926"}},"auth_author":{"$oid":"6547c5cccd4a24857ffd915c"}}
{"_id":{"$oid":"6549870ddce40147ca00c83e"},"app_id":{"$oid":"65494f3f9bb647e352114e10"},"module_id":{"$oid":"65497b2e0fafd6068bdbddbb"},"name":"Archivos","caption":"archive","description":"","type_id":{"$oid":"65467af5c57111780fd0f567"},"auth_created":{"$date":{"$numberLong":"1699317517285"}},"auth_author":{"$oid":"6547c5cccd4a24857ffd915c"}}
{"_id":{"$oid":"655a9457fe3a538f78661a9f"},"app_id":{"$oid":"6547c6cbb765573bec6fa25f"},"module_id":{"$oid":"655a9438fe3a538f78661a9e"},"name":"Usuarios","caption":"user","description":"Lista de usuarios","type_id":{"$oid":"65467af5c57111780fd0f567"},"auth_created":{"$date":{"$numberLong":"1700435031698"}},"auth_author":{"$oid":"6547c5cccd4a24857ffd915c"}}
{"_id":{"$oid":"655a946dfe3a538f78661aa0"},"app_id":{"$oid":"6547c6cbb765573bec6fa25f"},"module_id":{"$oid":"655a9438fe3a538f78661a9e"},"name":"Roles","caption":"role","description":"Roles de usuarios","type_id":{"$oid":"65467af5c57111780fd0f567"},"auth_created":{"$date":{"$numberLong":"1700435053447"}},"auth_author":{"$oid":"6547c5cccd4a24857ffd915c"}}
{"_id":{"$oid":"655a94f2fe3a538f78661aa2"},"app_id":{"$oid":"6547c6cbb765573bec6fa25f"},"module_id":{"$oid":"655a9438fe3a538f78661a9e"},"name":"Recursos","caption":"resources","description":"Recursos que pueden ser get o post","type_id":{"$oid":"65467af5c57111780fd0f567"},"auth_created":{"$date":{"$numberLong":"1700435186601"}},"auth_author":{"$oid":"6547c5cccd4a24857ffd915c"}}
{"_id":{"$oid":"655aad115e070d644e35769d"},"app_id":{"$oid":"6547c6cbb765573bec6fa25f"},"module_id":{"$oid":"655aabd25e070d644e35769c"},"name":"personery","caption":"Cliente","description":"Esta tabla sirve a registrar cliente = 1, proveedores = 2, trabajadores = 3, los agrupamps por tipo","type_id":{"$oid":"65467af5c57111780fd0f567"},"auth_created":{"$date":{"$numberLong":"1700441361720"}},"auth_author":{"$oid":"6547c5cccd4a24857ffd915c"},"auth_editor":{"$oid":"6547c5cccd4a24857ffd915c"},"auth_modified":{"$date":{"$numberLong":"1700441489022"}}}
{"_id":{"$oid":"655aad835e070d644e35769e"},"app_id":{"$oid":"6547c6cbb765573bec6fa25f"},"module_id":{"$oid":"655aabd25e070d644e35769c"},"name":"document","caption":"Documento","description":"Los documentos pueden ser factura de venta, boleta de venta, nota de credito de venta, factura de compra, boleta de compra, nota de credito de compra, etc, los agrupamos por un tipo","type_id":{"$oid":"65467af5c57111780fd0f567"},"auth_created":{"$date":{"$numberLong":"1700441475955"}},"auth_author":{"$oid":"6547c5cccd4a24857ffd915c"},"auth_editor":{"$oid":"6547c5cccd4a24857ffd915c"},"auth_modified":{"$date":{"$numberLong":"1700441518422"}}}
{"_id":{"$oid":"655aadd55e070d644e35769f"},"app_id":{"$oid":"6547c6cbb765573bec6fa25f"},"module_id":{"$oid":"655aabd25e070d644e35769c"},"name":"document_detail","caption":"Documento detalle","description":"","type_id":{"$oid":"65467af5c57111780fd0f567"},"auth_created":{"$date":{"$numberLong":"1700441557545"}},"auth_author":{"$oid":"6547c5cccd4a24857ffd915c"}}
{"_id":{"$oid":"655aae335e070d644e3576a0"},"app_id":{"$oid":"6547c6cbb765573bec6fa25f"},"module_id":{"$oid":"655aabd25e070d644e35769c"},"name":"product","caption":"Producto","description":"","type_id":{"$oid":"65467af5c57111780fd0f567"},"auth_created":{"$date":{"$numberLong":"1700441651278"}},"auth_author":{"$oid":"6547c5cccd4a24857ffd915c"}}
{"_id":{"$oid":"655aae4a5e070d644e3576a1"},"app_id":{"$oid":"6547c6cbb765573bec6fa25f"},"module_id":{"$oid":"655aabd25e070d644e35769c"},"name":"prices","caption":"Lista de Precios","description":"Lista de precios","type_id":{"$oid":"65467af5c57111780fd0f567"},"auth_created":{"$date":{"$numberLong":"1700441674374"}},"auth_author":{"$oid":"6547c5cccd4a24857ffd915c"},"auth_editor":{"$oid":"6547c5cccd4a24857ffd915c"},"auth_modified":{"$date":{"$numberLong":"1700442838093"}}}
{"_id":{"$oid":"655aaeb45e070d644e3576a2"},"app_id":{"$oid":"6547c6cbb765573bec6fa25f"},"module_id":{"$oid":"655aabd25e070d644e35769c"},"name":"product_group","caption":"Grupo de productos","description":"coleccion jerárquica","type_id":{"$oid":"65467af5c57111780fd0f567"},"auth_created":{"$date":{"$numberLong":"1700441780386"}},"auth_author":{"$oid":"6547c5cccd4a24857ffd915c"}}
{"_id":{"$oid":"655ab26f183e9d2a24824daa"},"app_id":{"$oid":"6547c6cbb765573bec6fa25f"},"module_id":{"$oid":"655aabd25e070d644e35769c"},"name":"store","caption":"Tienda-Almacen","description":"","type_id":{"$oid":"65467af5c57111780fd0f567"},"auth_created":{"$date":{"$numberLong":"1700442735860"}},"auth_author":{"$oid":"6547c5cccd4a24857ffd915c"}}
{"_id":{"$oid":"655ab40a183e9d2a24824db1"},"app_id":{"$oid":"6547c6cbb765573bec6fa25f"},"module_id":{"$oid":"655aabd25e070d644e35769c"},"name":"unit","caption":"Unidad de Medida","description":"","type_id":{"$oid":"65467af5c57111780fd0f567"},"auth_created":{"$date":{"$numberLong":"1700443146356"}},"auth_author":{"$oid":"6547c5cccd4a24857ffd915c"}}
{"_id":{"$oid":"655ab55e183e9d2a24824db3"},"app_id":{"$oid":"6547c6cbb765573bec6fa25f"},"module_id":{"$oid":"655aabd25e070d644e35769c"},"name":"sale_types","caption":"Ventas configuración","description":"Tabla de tipos, tipo de personeria, tipo de documentos","type_id":{"$oid":"65467b7419ac7744cc33643d"},"auth_created":{"$date":{"$numberLong":"1700443486172"}},"auth_author":{"$oid":"6547c5cccd4a24857ffd915c"},"auth_editor":{"$oid":"6547c5cccd4a24857ffd915c"},"auth_modified":{"$date":{"$numberLong":"1700443564448"}}}
